{
  "product": [
    {
      "name": "Apple MacBook Pro",
      "description": "Powerful laptop with M1 chip.",
      "image": "assets/images/macbook.webp",
      "id": "58a4"
    },
    {
      "name": "Samsung Galaxy S25",
      "description": "High-end smartphone with AMOLED display.",
      "image": "assets/images/s25.jpg",
      "id": "7fe1"
    },
    {
      "name": "Sony PlayStation 5",
      "description": "Next-gen gaming console with 4K support.",
      "image": "assets/images/ps5.jpg",
      "id": "c56d"
    }
  ],
  "offers": [
    {
      "title": "Summer Sale",
      "description": "Get up to 50% off on all products!",
      "discount": 50,
      "id": "181f"
    },
    {
      "title": "Buy 1 Get 1 Free",
      "description": "Limited-time offer on selected items.",
      "discount": 100,
      "id": "22c4"
    }
  ],
  "Contact": [
    {
      "id": "d284",
      "name": "DHARUN N",
      "email": "dharunnatarajan7@gmail.com",
      "message": "OUR INSTITUTION NEED THE BRANDING AMONG THE PUBLIC"
    },
    {
      "id": "4353",
      "name": "DHARUN N",
      "email": "dharunnatarajan7@gmail.com",
      "message": "I NEED MAC BOOK PRO"
    },
    {
      "id": "5c60",
      "name": "DHARUN N",
      "email": "dharunnatarajan7@gmail.com",
      "message": "I need the MAC book service . Is this Available on your store"
    },
    {
      "id": "8087",
      "name": "DHARUN N",
      "email": "dharunnatarajan7@gmail.com",
      "message": "I need the MAC book service . Is this Available on your store"
    }
  ],
  "laptops": [
    {
      "id": "1",
      "name": "Apple MacBook Air M2",
      "brand": "Apple",
      "price": 128890,
      "image": "assets/images/macm2.avif",
      "description": "Powerful Apple M2 chip with a stunning Retina display.",
      "discount": 10
    },
    {
      "id": "2",
      "name": "Dell XPS 15",
      "brand": "Dell",
      "price": 67850,
      "image": "assets/images/dell.jpg",
      "description": "Ultra-slim design with a 4K touchscreen display.",
      "discount": 10
    },
    {
      "id": "3",
      "name": "HP Spectre x360",
      "brand": "HP",
      "price": 78000,
      "image": "assets/images/hp.jpg",
      "description": "A versatile 2-in-1 laptop with a powerful Intel Core i7.",
      "discount": 10
    },
    {
      "id": "4",
      "name": "Asus ROG Zephyrus G14",
      "brand": "Asus",
      "price": 69000,
      "image": "assets/images/asus.jpg",
      "description": "Gaming laptop with Ryzen 9 processor and RTX 4060 GPU.",
      "discount": 10
    }
  ],
  "mobiles": [
    {
      "id": "1",
      "name": "Samsung Galaxy S23 Ultra",
      "brand": "Samsung",
      "description": "A powerful smartphone with a 200MP camera, Snapdragon 8 Gen 2, and S Pen support.",
      "price": 124999,
      "image": "assets/images/samsungs23.jpg",
      "discount": 8
    },
    {
      "id": "2",
      "name": "iPhone 14 Pro Max",
      "brand": "Apple",
      "description": "Apple's flagship smartphone with A16 Bionic chip, Dynamic Island, and a 48MP camera.",
      "price": 139999,
      "image": "assets/images/i14.jpg",
      "discount": 8
    },
    {
      "id": "3",
      "name": "Google Pixel 7 Pro",
      "brand": "Google",
      "description": "Google's latest phone with Tensor G2 chip, 50MP triple camera, and stock Android experience.",
      "price": 84999,
      "image": "assets/images/pixel.jpg",
      "discount": 8
    },
    {
      "id": "4",
      "name": "OnePlus 11 5G",
      "brand": "OnePlus",
      "description": "A premium phone with Snapdragon 8 Gen 2, Hasselblad cameras, and 100W fast charging.",
      "price": 64999,
      "image": "assets/images/1plus.jpg",
      "discount": 8
    },
    {
      "id": "5",
      "name": "Xiaomi 13 Pro",
      "brand": "Xiaomi",
      "description": "A flagship phone featuring a Leica 50MP camera, Snapdragon 8 Gen 2, and 120W fast charging.",
      "price": 79999,
      "image": "assets/images/13pro.jpg",
      "discount": 8
    }
  ],
  "accessories": [
    {
      "id": "1",
      "name": "Logitech G Pro Wireless Mouse",
      "brand": "Logitech",
      "description": "A high-performance wireless gaming mouse with HERO 25K sensor.",
      "price": 10999,
      "image": "assets/images/logimouse.jpg",
      "discount": 3
    },
    {
      "id": "2",
      "name": "Razer BlackShark V2 Headset",
      "brand": "Razer",
      "description": "An esports gaming headset with THX Spatial Audio and advanced noise cancellation.",
      "price": 7999,
      "image": "assets/images/razer.jpg",
      "discount": 3
    },
    {
      "id": "3",
      "name": "Corsair K70 RGB Keyboard",
      "brand": "Corsair",
      "description": "A mechanical gaming keyboard with customizable RGB lighting and Cherry MX switches.",
      "price": 12999,
      "image": "assets/images/corsair.jpg",
      "discount": 5
    },
    {
      "id": "4",
      "name": "SteelSeries QcK Mouse Pad",
      "brand": "SteelSeries",
      "description": "A high-quality gaming mouse pad with a smooth surface and non-slip rubber base.",
      "price": 1999,
      "image": "assets/images/steel.jpg",
      "discount": 3
    },
    {
      "id": "5",
      "name": "HyperX Cloud Alpha Headset",
      "brand": "HyperX",
      "description": "A premium gaming headset with dual-chamber drivers for excellent audio quality.",
      "price": 8999,
      "image": "assets/images/hyper.jpg",
      "discount": 5
    }
  ],
  "gamingProducts": [
    {
      "id": "1",
      "name": "Razer DeathAdder V2",
      "category": "Gaming Mouse",
      "brand": "Razer",
      "description": "A high-precision wired gaming mouse with optical switches and a 20K DPI sensor.",
      "price": 5999,
      "image": "assets/images/razerm.jpg",
      "discount": 4
    },
    {
      "id": "2",
      "name": "SteelSeries Apex Pro",
      "category": "Mechanical Keyboard",
      "brand": "SteelSeries",
      "description": "A customizable gaming keyboard with adjustable mechanical switches and RGB lighting.",
      "price": 15999,
      "image": "assets/images/steels.jpg",
      "discount": 5
    },
    {
      "id": "3",
      "name": "Logitech G733 Wireless Headset",
      "category": "Gaming Headset",
      "brand": "Logitech",
      "description": "A lightweight wireless gaming headset with surround sound and customizable RGB lighting.",
      "price": 12999,
      "image": "assets/images/logihead.jpg",
      "discount": 5
    },
    {
      "id": "4",
      "name": "Elgato Stream Deck",
      "category": "Streaming Gear",
      "brand": "Elgato",
      "description": "A customizable control pad designed for streamers to enhance productivity and efficiency.",
      "price": 11999,
      "image": "assets/images/stream.jpg",
      "discount": 5
    },
    {
      "id": "5",
      "name": "MSI Optix MAG274QRF",
      "category": "Gaming Monitor",
      "brand": "MSI",
      "description": "A 27-inch QHD gaming monitor with a 165Hz refresh rate and 1ms response time.",
      "price": 29999,
      "image": "assets/images/msi.jpg",
      "discount": 10
    }
  ]
}